{
  "extendedcrafting:crafting_core": null,
  "extendedcrafting:basic_table": null,
  "extendedcrafting:advanced_table": null,
  "extendedcrafting:elite_table": null,
  "extendedcrafting:ultimate_table": null,
  "extendedcrafting:basic_auto_table": null,
  "extendedcrafting:advanced_auto_table": null,
  "extendedcrafting:elite_auto_table": null,
  "extendedcrafting:ultimate_auto_table": null,
  "extendedcrafting:ender_crafter": null,
  "extendedcrafting:auto_ender_crafter": null,
  "extendedcrafting:flux_crafter": null,
  "extendedcrafting:compressor": null,
  "immersiveengineering:hemp": null,
  "immersiveengineering:multiblock_icon": null,
  "minecraft:brewing_stand": null,
  "minecraft:beehive": null,
  "minecraft:command_block": null,
  "minecraft:jukebox": null,
  "minecraft:lectern": null,
  "minecraft:redstone": null,
  "minecraft:furnace": null,
  "minecraft:animal_owner": null,
  "minecraft:potion_effects": null,
  "minecraft:mob_growth": null,
  "minecraft:mob_breeding": null,
  "minecraft:chicken_egg": null,
  "minecraft:block_states": null,
  "minecraft:horse_stats": null,
  "minecraft:item_frame": null,
  "minecraft:tnt_stability": null,
  "minecraft:note_block": null,
  "minecraft:armor_stand": null,
  "minecraft:painting": null,
  "minecraft:harvest_tool": null,
  "minecraft:enchantment_power": null,
  "minecraft:total_enchantment_power": null,
  "minecraft:player_head": null,
  "minecraft:villager_profession": null,
  "minecraft:item_tooltip": null,
  "minecraft:falling_block": null,
  "minecraft:entity_health": null,
  "minecraft:entity_armor": null,
  "minecraft:crop_progress": null,
  "minecraft:mob_spawner": null,
  "minecraft:block_inventory": null,
  "minecraft:fluid": null,
  "minecraft:energy_storage": null,
  "minecraft:progress": null,
  "jade:object_name": null,
  "jade:registry_name": null,
  "jade:mod_name": null,
  "jade:distance": null,
  "jade:block_face": null,
  "ae2:server_data": null,
  "ae2:charger": null,
  "ae2:crafting_monitor": null,
  "ae2:pattern_provider": null,
  "ae2:power_storage": null,
  "ae2:grid_node_state": null,
  "ae2:debug": null,
  "ae2:part_name": null,
  "ae2:part_icon": null,
  "ae2:part_tooltip": null,
  "ae2:part_mod_name": null,
  "waystones:waystone": null,
  "beyond_earth:block": null,
  "beyond_earth:entity": null,
  "mekanism:data_provider": null,
  "mekanism:entity_data_provider": null,
  "mekanism:tooltip_renderer": null,
  "mekanism:remove_builtin": null,
  "gravestone:grave": null,
  "enigmaticgraves:grave": null,
  "mcjtylib:jadeaddons": null,
  "extendedcrafting:crafting_core": null,
  "extendedcrafting:basic_table": null,
  "extendedcrafting:advanced_table": null,
  "extendedcrafting:elite_table": null,
  "extendedcrafting:ultimate_table": null,
  "extendedcrafting:basic_auto_table": null,
  "extendedcrafting:advanced_auto_table": null,
  "extendedcrafting:elite_auto_table": null,
  "extendedcrafting:ultimate_auto_table": null,
  "extendedcrafting:ender_crafter": null,
  "extendedcrafting:auto_ender_crafter": null,
  "extendedcrafting:flux_crafter": null,
  "extendedcrafting:compressor": null,
  "beyond_earth:block": null,
  "beyond_earth:entity": null,
  "mcjtylib:jadeaddons": null,
  "waystones:waystone": null,
  "mekanism:data_provider": null,
  "mekanism:entity_data_provider": null,
  "mekanism:tooltip_renderer": null,
  "mekanism:remove_builtin": null,
  "immersiveengineering:hemp": null,
  "immersiveengineering:multiblock_icon": null,
  "enigmaticgraves:grave": null,
  "minecraft:brewing_stand": null,
  "minecraft:beehive": null,
  "minecraft:command_block": null,
  "minecraft:jukebox": null,
  "minecraft:lectern": null,
  "minecraft:redstone": null,
  "minecraft:furnace": null,
  "minecraft:animal_owner": null,
  "minecraft:potion_effects": null,
  "minecraft:mob_growth": null,
  "minecraft:mob_breeding": null,
  "minecraft:chicken_egg": null,
  "minecraft:block_states": null,
  "minecraft:horse_stats": null,
  "minecraft:item_frame": null,
  "minecraft:tnt_stability": null,
  "minecraft:note_block": null,
  "minecraft:armor_stand": null,
  "minecraft:painting": null,
  "minecraft:harvest_tool": null,
  "minecraft:enchantment_power": null,
  "minecraft:total_enchantment_power": null,
  "minecraft:player_head": null,
  "minecraft:villager_profession": null,
  "minecraft:item_tooltip": null,
  "minecraft:falling_block": null,
  "minecraft:entity_health": null,
  "minecraft:entity_armor": null,
  "minecraft:crop_progress": null,
  "minecraft:mob_spawner": null,
  "minecraft:block_inventory": null,
  "minecraft:fluid": null,
  "minecraft:energy_storage": null,
  "minecraft:progress": null,
  "jade:object_name": null,
  "jade:registry_name": null,
  "jade:mod_name": null,
  "jade:distance": null,
  "jade:block_face": null,
  "ae2:server_data": null,
  "ae2:charger": null,
  "ae2:crafting_monitor": null,
  "ae2:pattern_provider": null,
  "ae2:power_storage": null,
  "ae2:grid_node_state": null,
  "ae2:debug": null,
  "ae2:part_name": null,
  "ae2:part_icon": null,
  "ae2:part_tooltip": null,
  "ae2:part_mod_name": null
}